{"cameraMode":{"drawMode":0,"name":"Shaded","section":"Shading Mode"},"sceneLighting":true,"audioPlay":false,"sceneViewState":{"showFog":true,"showMaterialUpdate":false,"showSkybox":true,"showFlares":true,"showImageEffects":true,"showParticleSystems":true},"in2DMode":false,"pivot":{"x":0.0,"y":52.000030517578128,"z":-0.00006103515625},"rotation":{"x":0.15343914926052094,"y":-0.39182278513908389,"z":0.0664527416229248,"w":0.9047202467918396},"size":1086.9578857421875,"orthographic":false}